{
  "fundamentals": {
    "BBCA.JK": {
      "roe": 0.22972,
      "net_margin": 0.53462005,
      "operating_margin": 0.67586,
      "debt_to_equity": null,
      "free_cash_flow": null,
      "pe_ratio": 12.106537,
      "pb_ratio": 2.702845,
      "dividend_yield": 5.89
    },
    "ASII.JK": {
      "roe": 0.13245,
      "net_margin": 0.099429995,
      "operating_margin": 0.0857,
      "debt_to_equity": 0.39859,
      "free_cash_flow": 15747374907392,
      "pe_ratio": 6.3694267,
      "pb_ratio": 0.86060655,
      "dividend_yield": 7.8
    },
    "ICBP.JK": {
      "roe": 0.14631,
      "net_margin": 0.11969,
      "operating_margin": 0.20801,
      "debt_to_equity": 0.62219,
      "free_cash_flow": 6226821251072,
      "pe_ratio": 9.057971,
      "pb_ratio": 1.5166079,
      "dividend_yield": 3.52
    },
    "TLKM.JK": {
      "roe": 0.14214,
      "net_margin": 0.11276,
      "operating_margin": 0.24583,
      "debt_to_equity": 0.44115000000000004,
      "free_cash_flow": 34257999233024,
      "pe_ratio": 18.416094,
      "pb_ratio": 2.1886785,
      "dividend_yield": 7.01
    },
    "KLBF.JK": {
      "roe": 0.1443,
      "net_margin": 0.09988,
      "operating_margin": 0.13664,
      "debt_to_equity": 0.01187,
      "free_cash_flow": 2396069298176,
      "pe_ratio": 9.66123,
      "pb_ratio": 1.4339722,
      "dividend_yield": 2.6
    },
    "INDF.JK": {
      "roe": 0.13319,
      "net_margin": 0.086780004,
      "operating_margin": 0.18856001,
      "debt_to_equity": 0.61085,
      "free_cash_flow": 8638832312320,
      "pe_ratio": 5.567929,
      "pb_ratio": 0.7864415,
      "dividend_yield": 4.04
    },
    "BMRI.JK": {
      "roe": 0.21040002,
      "net_margin": 0.40245,
      "operating_margin": 0.58581,
      "debt_to_equity": null,
      "free_cash_flow": null,
      "pe_ratio": 6.761348,
      "pb_ratio": 1.2474817,
      "dividend_yield": 11.69
    },
    "PTBA.JK": {
      "roe": 0.14413999,
      "net_margin": 0.07837,
      "operating_margin": 0.08306,
      "debt_to_equity": 0.11489,
      "free_cash_flow": 488093122560,
      "pe_ratio": 9.587859,
      "pb_ratio": 1.360204,
      "dividend_yield": 11.96
    },
    "MDKA.JK": {
      "roe": 0.0055299997,
      "net_margin": -0.03275,
      "operating_margin": 0.040900003,
      "debt_to_equity": 0.71135,
      "free_cash_flow": -440244960,
      "pe_ratio": null,
      "pb_ratio": 80937.5,
      "dividend_yield": null
    },
    "CPIN.JK": {
      "roe": 0.19496,
      "net_margin": 0.091630004,
      "operating_margin": 0.17216,
      "debt_to_equity": 0.18068,
      "free_cash_flow": 2504820785152,
      "pe_ratio": 10.493205,
      "pb_ratio": 1.9070367,
      "dividend_yield": 4.22
    },
    "ADRO.JK": {
      "roe": 0.10256,
      "net_margin": 0.2543,
      "operating_margin": 0.31133,
      "debt_to_equity": 0.19536,
      "free_cash_flow": -21144876,
      "pe_ratio": 7.524454,
      "pb_ratio": 13529.412,
      "dividend_yield": 10.28
    },
    "TPIA.JK": {
      "roe": 0.42368,
      "net_margin": 0.14337,
      "operating_margin": 0.16072,
      "debt_to_equity": 1.1702299999999999,
      "free_cash_flow": -1840610688,
      "pe_ratio": 4.7709413,
      "pb_ratio": 41511.625,
      "dividend_yield": 0.34
    },
    "AMMN.JK": {
      "roe": 0.10484,
      "net_margin": 0.20658001,
      "operating_margin": 0.38917,
      "debt_to_equity": 1.1655200000000001,
      "free_cash_flow": -1094615168,
      "pe_ratio": 22.83105,
      "pb_ratio": 43421.055,
      "dividend_yield": null
    },
    "BBRI.JK": {
      "roe": 0.18135999,
      "net_margin": 0.40230998,
      "operating_margin": 0.42025003,
      "debt_to_equity": null,
      "free_cash_flow": null,
      "pe_ratio": 7.5815983,
      "pb_ratio": 1.3133987,
      "dividend_yield": 14.17
    },
    "BRPT.JK": {
      "roe": 0.34817,
      "net_margin": 0.05984,
      "operating_margin": 0.19275999,
      "debt_to_equity": 1.3390700000000002,
      "free_cash_flow": -1247792384,
      "pe_ratio": 18.04987,
      "pb_ratio": 77600.0,
      "dividend_yield": null
    },
    "BBNI.JK": {
      "roe": 0.12029,
      "net_margin": 0.40032002,
      "operating_margin": 0.47421002,
      "debt_to_equity": null,
      "free_cash_flow": null,
      "pe_ratio": 6.788866,
      "pb_ratio": 0.85512024,
      "dividend_yield": 9.44
    },
    "UNTR.JK": {
      "roe": 0.12315,
      "net_margin": 0.09766,
      "operating_margin": 0.07727,
      "debt_to_equity": 0.25751,
      "free_cash_flow": 4743001800704,
      "pe_ratio": 6.770486,
      "pb_ratio": 0.83769846,
      "dividend_yield": 9.56
    },
    "SMGR.JK": {
      "roe": 0.00438,
      "net_margin": 0.00637,
      "operating_margin": 0.0312,
      "debt_to_equity": 0.21137,
      "free_cash_flow": 2993279991808,
      "pe_ratio": 49.74978,
      "pb_ratio": 0.2613957,
      "dividend_yield": 1.68
    },
    "PGAS.JK": {
      "roe": 0.10092,
      "net_margin": 0.061890002,
      "operating_margin": 0.13191,
      "debt_to_equity": 0.29053,
      "free_cash_flow": 228038624,
      "pe_ratio": 10.245902,
      "pb_ratio": 15598.291,
      "dividend_yield": 6.88
    },
    "ESSA.JK": {
      "roe": 0.121120006,
      "net_margin": 0.15882,
      "operating_margin": 0.35653,
      "debt_to_equity": 0.00021999999999999998,
      "free_cash_flow": 86916824,
      "pe_ratio": 12.723129,
      "pb_ratio": 24814.814,
      "dividend_yield": 1.04
    },
    "INTP.JK": {
      "roe": 0.09884,
      "net_margin": 0.12803,
      "operating_margin": 0.05941,
      "debt_to_equity": 0.12118999999999999,
      "free_cash_flow": 1880727224320,
      "pe_ratio": 7.23589,
      "pb_ratio": 0.69142926,
      "dividend_yield": 9.55
    },
    "EXCL.JK": {
      "roe": -0.20136999,
      "net_margin": -0.12106,
      "operating_margin": -0.00874,
      "debt_to_equity": 2.0904,
      "free_cash_flow": 11772207562752,
      "pe_ratio": null,
      "pb_ratio": 1.7263939,
      "dividend_yield": 5.62
    },
    "MAPI.JK": {
      "roe": 0.17545,
      "net_margin": 0.051820002,
      "operating_margin": 0.0855,
      "debt_to_equity": 0.4696,
      "free_cash_flow": 3872628146176,
      "pe_ratio": 10.4494295,
      "pb_ratio": 1.6938207,
      "dividend_yield": 0.67
    },
    "SIDO.JK": {
      "roe": 0.32823002,
      "net_margin": 0.29088,
      "operating_margin": 0.2754,
      "debt_to_equity": 0.00049,
      "free_cash_flow": 953373229056,
      "pe_ratio": 9.94046,
      "pb_ratio": 3.469618,
      "dividend_yield": 9.64
    },
    "ANTM.JK": {
      "roe": 0.24687,
      "net_margin": 0.09661999,
      "operating_margin": 0.15276,
      "debt_to_equity": 0.21609,
      "free_cash_flow": -4749535477760,
      "pe_ratio": 9.671181,
      "pb_ratio": 1.7939405,
      "dividend_yield": 5.23
    },
    "GOTO.JK": {
      "roe": -0.03291,
      "net_margin": -0.03316,
      "operating_margin": 0.07829,
      "debt_to_equity": 0.27754,
      "free_cash_flow": -323724115968,
      "pe_ratio": null,
      "pb_ratio": 1.6553551,
      "dividend_yield": null
    },
    "MIKA.JK": {
      "roe": 0.17981,
      "net_margin": 0.25302,
      "operating_margin": 0.30093,
      "debt_to_equity": 0.00111,
      "free_cash_flow": 511055921152,
      "pe_ratio": 16.340528,
      "pb_ratio": 2.9726624,
      "dividend_yield": 2.65
    },
    "HEAL.JK": {
      "roe": 0.07834,
      "net_margin": 0.056209996,
      "operating_margin": 0.1254,
      "debt_to_equity": 0.48057,
      "free_cash_flow": -570719993856,
      "pe_ratio": 35.459663,
      "pb_ratio": 2.532161,
      "dividend_yield": 1.43
    },
    "AKRA.JK": {
      "roe": 0.18943001,
      "net_margin": 0.05264,
      "operating_margin": 0.06335,
      "debt_to_equity": 0.34159999999999996,
      "free_cash_flow": 3903885148160,
      "pe_ratio": 9.514638,
      "pb_ratio": 1.9067999,
      "dividend_yield": 8.1
    },
    "ITMG.JK": {
      "roe": 0.093839996,
      "net_margin": 0.09527001,
      "operating_margin": 0.14809,