score_name,mean_monthly_return,cumulative_return,cagr,n_months
synthetic_isi_score,-0.01511816673152253,-0.4711114465589088,-0.19618995533714934,35
overlay_v1,-0.01871382040201372,-0.5433747202142185,-0.2356756465689317,35
overlay_v2,-0.018976931337183915,-0.5495075706295944,-0.2392108948606989,35
overlay_v3,-0.020787624881918935,-0.584308505108474,-0.2598956413196599,35
overlay_v4,-0.016671083120697573,-0.5214142456611361,-0.22326670784394398,35
