strategy,cagr,sharpe,max_dd,alpha
Config B,46.32645863866591,1.433303164421785,-18.273444294957166,49.026788846859226
DL V2,22.73940960401999,0.7037073927250781,-17.95365113339108,25.15780841198314
